<?xml version="1.0" encoding="UTF-8"?>
<GenRun Id="synth_1" LaunchPart="xc7a100tftg256-3" LaunchTime="1681103412">
  <File Type="PA-TCL" Name="single_cycle_core.tcl"/>
  <File Type="REPORTS-TCL" Name="single_cycle_core_reports.tcl"/>
  <File Type="RDS-RDS" Name="single_cycle_core.vds"/>
  <File Type="RDS-DCP" Name="single_cycle_core.dcp"/>
  <FileSet Name="sources" Type="DesignSrcs" RelSrcDir="$PSRCDIR/sources_1" RelGenDir="$PGENDIR/sources_1">
    <Filter Type="Srcs"/>
    <File Path="$PSRCDIR/sources_1/imports/VHDL/adder_16b.vhd">
      <FileInfo>
        <Attr Name="ImportPath" Val="C:/Users/chris/Desktop/single_cycle_core/single_cycle_core/VHDL/adder_16b.vhd"/>
        <Attr Name="ImportTime" Val="1681907343"/>
        <Attr Name="UsedIn" Val="synthesis"/>
        <Attr Name="UsedIn" Val="simulation"/>
      </FileInfo>
    </File>
    <File Path="$PSRCDIR/sources_1/imports/VHDL/adder_4b.vhd">
      <FileInfo>
        <Attr Name="ImportPath" Val="C:/Users/chris/Desktop/single_cycle_core/single_cycle_core/VHDL/adder_4b.vhd"/>
        <Attr Name="ImportTime" Val="1681907343"/>
        <Attr Name="UsedIn" Val="synthesis"/>
        <Attr Name="UsedIn" Val="simulation"/>
      </FileInfo>
    </File>
    <File Path="$PSRCDIR/sources_1/imports/VHDL/control_unit.vhd">
      <FileInfo>
        <Attr Name="ImportPath" Val="C:/Users/chris/Desktop/single_cycle_core/single_cycle_core/VHDL/control_unit.vhd"/>
        <Attr Name="ImportTime" Val="1682000468"/>
        <Attr Name="UsedIn" Val="synthesis"/>
        <Attr Name="UsedIn" Val="simulation"/>
      </FileInfo>
    </File>
    <File Path="$PSRCDIR/sources_1/imports/VHDL/data_memory.vhd">
      <FileInfo>
        <Attr Name="ImportPath" Val="C:/Users/chris/Desktop/single_cycle_core/single_cycle_core/VHDL/data_memory.vhd"/>
        <Attr Name="ImportTime" Val="1681907343"/>
        <Attr Name="UsedIn" Val="synthesis"/>
        <Attr Name="UsedIn" Val="simulation"/>
      </FileInfo>
    </File>
    <File Path="$PSRCDIR/sources_1/imports/VHDL/instruction_memory.vhd">
      <FileInfo>
        <Attr Name="ImportPath" Val="C:/Users/chris/Desktop/single_cycle_core/single_cycle_core/VHDL/instruction_memory.vhd"/>
        <Attr Name="ImportTime" Val="1682234662"/>
        <Attr Name="UsedIn" Val="synthesis"/>
        <Attr Name="UsedIn" Val="simulation"/>
      </FileInfo>
    </File>
    <File Path="$PSRCDIR/sources_1/imports/VHDL/mux_2to1_16b.vhd">
      <FileInfo>
        <Attr Name="ImportPath" Val="C:/Users/chris/Desktop/single_cycle_core/single_cycle_core/VHDL/mux_2to1_16b.vhd"/>
        <Attr Name="ImportTime" Val="1681907343"/>
        <Attr Name="UsedIn" Val="synthesis"/>
        <Attr Name="UsedIn" Val="simulation"/>
      </FileInfo>
    </File>
    <File Path="$PSRCDIR/sources_1/imports/VHDL/mux_2to1_1b.vhd">
      <FileInfo>
        <Attr Name="ImportPath" Val="C:/Users/chris/Desktop/single_cycle_core/single_cycle_core/VHDL/mux_2to1_1b.vhd"/>
        <Attr Name="ImportTime" Val="1681907343"/>
        <Attr Name="UsedIn" Val="synthesis"/>
        <Attr Name="UsedIn" Val="simulation"/>
      </FileInfo>
    </File>
    <File Path="$PSRCDIR/sources_1/imports/VHDL/mux_2to1_4b.vhd">
      <FileInfo>
        <Attr Name="ImportPath" Val="C:/Users/chris/Desktop/single_cycle_core/single_cycle_core/VHDL/mux_2to1_4b.vhd"/>
        <Attr Name="ImportTime" Val="1681907343"/>
        <Attr Name="UsedIn" Val="synthesis"/>
        <Attr Name="UsedIn" Val="simulation"/>
      </FileInfo>
    </File>
    <File Path="$PSRCDIR/sources_1/imports/VHDL/program_counter.vhd">
      <FileInfo>
        <Attr Name="ImportPath" Val="C:/Users/chris/Desktop/single_cycle_core/single_cycle_core/VHDL/program_counter.vhd"/>
        <Attr Name="ImportTime" Val="1682217428"/>
        <Attr Name="UsedIn" Val="synthesis"/>
        <Attr Name="UsedIn" Val="simulation"/>
      </FileInfo>
    </File>
    <File Path="$PSRCDIR/sources_1/imports/VHDL/register_file.vhd">
      <FileInfo>
        <Attr Name="ImportPath" Val="C:/Users/chris/Desktop/single_cycle_core/single_cycle_core/VHDL/register_file.vhd"/>
        <Attr Name="ImportTime" Val="1682227176"/>
        <Attr Name="UsedIn" Val="synthesis"/>
        <Attr Name="UsedIn" Val="simulation"/>
      </FileInfo>
    </File>
    <File Path="$PSRCDIR/sources_1/imports/VHDL/sign_extend_4to16.vhd">
      <FileInfo>
        <Attr Name="ImportPath" Val="C:/Users/chris/Desktop/single_cycle_core/single_cycle_core/VHDL/sign_extend_4to16.vhd"/>
        <Attr Name="ImportTime" Val="1681907343"/>
        <Attr Name="UsedIn" Val="synthesis"/>
        <Attr Name="UsedIn" Val="simulation"/>
      </FileInfo>
    </File>
    <File Path="$PSRCDIR/sources_1/imports/VHDL/single_cycle_core.vhd">
      <FileInfo>
        <Attr Name="ImportPath" Val="C:/Users/chris/Desktop/single_cycle_core/single_cycle_core/VHDL/single_cycle_core.vhd"/>
        <Attr Name="ImportTime" Val="1682229613"/>
        <Attr Name="UsedIn" Val="synthesis"/>
        <Attr Name="UsedIn" Val="simulation"/>
      </FileInfo>
    </File>
    <File Path="$PSRCDIR/sources_1/imports/VHDL/single_cycle_core_TB_VHDL.vhd">
      <FileInfo>
        <Attr Name="UserDisabled" Val="1"/>
        <Attr Name="ImportPath" Val="C:/Users/chris/Desktop/single_cycle_core/single_cycle_core/VHDL/single_cycle_core_TB_VHDL.vhd"/>
        <Attr Name="ImportTime" Val="1681907343"/>
        <Attr Name="UsedIn" Val="synthesis"/>
        <Attr Name="UsedIn" Val="simulation"/>
      </FileInfo>
    </File>
    <Config>
      <Option Name="DesignMode" Val="RTL"/>
      <Option Name="TopModule" Val="single_cycle_core"/>
      <Option Name="TopAutoSet" Val="TRUE"/>
    </Config>
  </FileSet>
  <FileSet Name="constrs_in" Type="Constrs" RelSrcDir="$PSRCDIR/constrs_1">
    <Filter Type="Constrs"/>
    <Config>
      <Option Name="ConstrsType" Val="XDC"/>
    </Config>
  </FileSet>
  <FileSet Name="utils" Type="Utils" RelSrcDir="$PSRCDIR/utils_1">
    <Filter Type="Utils"/>
    <Config>
      <Option Name="TopAutoSet" Val="TRUE"/>
    </Config>
  </FileSet>
  <Strategy Version="1" Minor="2">
    <StratHandle Name="Vivado Synthesis Defaults" Flow="Vivado Synthesis 2020"/>
    <Step Id="synth_design"/>
  </Strategy>
</GenRun>
